{"log_attack_time_value": [-0.19570136070251465, -0.25685301423072815, 0.702717661857605, -0.8435841798782349, -1.9751217365264893, -0.7001533508300781, -1.7248376607894897, 0.8934144973754883, -2.93686842918396, -1.2484136819839478, -2.6274054050445557, -1.5128198862075806, -1.6082090139389038, -2.699955940246582, -1.8591086864471436], "spectral_centroid": [2325.683837890625, 3321.07373046875, 2755.622802734375, 1332.7508544921875, 10891.0458984375, 3711.90283203125, 1047.213623046875, 742.4127807617188, 4031.33984375, 2406.549560546875, 1236.1126708984375, 1345.4957275390625, 543.104736328125, 8417.25, 2621.162109375], "label": ["noise", "noise", "noise", "noise", "noise", "sfx", "sfx", "sfx", "sfx", "sfx", "music", "music", "music", "music", "music"], "filename": ["noise-HVACUnit-vital-mono.wav", "noise-brown-vital-mono.wav", "noise-datatransfer-vital-mono.wav", "noise-organic-vital-mono.wav", "noise-white-vital-mono.wav", "sfx-ghost-vital-mono.wav", "sfx-hit-vital-mono.wav", "sfx-horrorambi-vital-mono.wav", "sfx-pop-vital-mono.wav", "sfx-woosh-vital-mono.wav", "music-bassdrum-garageband-mono.wav", "music-grandpiano-garageband-mono.wav", "music-guitar-garageband-mono.wav", "music-hihat-garageband-mono.wav", "music-pipa-garageband-mono.wav"]}